num_dia;fecha;titulo;leccion;proposito;titulo poema;poema
1;07/01/2023;El Primer Paso;La voluntad y la actitud pueden marcar la diferencia en la recuperación.;Cultivar una actitud positiva cada día;;
2;08/01/2023;Aceptar la Realidad;Aceptar el cambio es el primer paso hacia la adaptación.;Abrazar la realidad y encontrar oportunidades en ella.;;
3;09/01/2023;La Importancia de la Paciencia;La paciencia es clave en el proceso de rehabilitación.;Practicar la paciencia y la perseverancia.;;
4;10/01/2023;La Fuerza de la Determinación;La determinación puede superar obstáculos aparentemente insuperables.;Fortalecer mi determinación para superar desafíos.;;
5;11/01/2023;"""La Gratitud por la Vida";La vida es un regalo precioso.;Encontrar gratitud en cada día.;;
6;12/01/2023;La Comunicación Abierta;Compartir mis sentimientos y necesidades es esencial para el apoyo.;Fomentar una comunicación abierta con seres queridos.;;
7;13/01/2023;La Importancia de Establecer Metas;Las metas proporcionan dirección y motivación.;Establecer metas realistas para mi recuperación.;;
8;14/01/2023;La Alegría de las Pequeñas Victorias;Celebrar los pequeños logros es fundamental.;Reconocer y celebrar cada avance, por pequeño que sea.;;
9;15/01/2023;Aprender a Delegar;A veces, pedir ayuda es una señal de fortaleza.;Aprender a delegar tareas cuando sea necesario.;;
10;16/01/2023;El Poder de la Resiliencia;La resiliencia nos permite recuperarnos de adversidades.;Fortalecer mi resiliencia emocional.;;
11;17/01/2023;Encontrar Inspiración en los Demás;Las historias de superación de otros pueden inspirarnos.;Buscar inspiración en historias de éxito similares.;;
12;18/01/2023;La Importancia del Autocuidado;Cuidar de mí mismo es esencial para cuidar de los demás.;Priorizar el autocuidado en mi rutina diaria.;;
13;19/01/2023;La Generosidad del Corazón;La generosidad puede cambiar vidas, incluida la propia.;Encontrar oportunidades para ser generoso.;;
14;20/01/2023;Aprender a Adaptarse;La adaptabilidad es una habilidad valiosa.;Practicar la adaptabilidad en situaciones cambiantes.;;
15;21/01/2023;La Belleza de la Amistad;Los amigos pueden ser un apoyo inquebrantable.;Fortalecer lazos con amigos cercanos.;;
16;22/01/2023;Aprender a Escuchar a mi Cuerpo;Escuchar las señales de mi cuerpo es esencial para una recuperación saludable.;Prestar atención a las necesidades de mi cuerpo y descansar cuando sea necesario;;
17;23/01/2023;La Importancia del Optimismo;El optimismo puede aumentar la resistencia y la esperanza.;Cultivar un enfoque optimista en la vida.;;
18;24/01/2023;El Valor de la Persistencia;La persistencia es clave cuando enfrentamos desafíos.;Recordar que la persistencia conduce al progreso.;;
19;25/01/2023;La Inspiración en la Naturaleza;La naturaleza puede proporcionar serenidad y curación.;Pasar tiempo al aire libre y conectarme con la naturaleza.;;
20;26/01/2023;El Poder de la Meditación;La meditación puede promover la calma mental y la claridad.;Integrar la meditación en mi rutina diaria.;;
21;27/01/2023;La Importancia de la Flexibilidad Mental;La flexibilidad mental permite adaptarse a nuevas circunstancias;Practicar la flexibilidad mental en situaciones desafiantes.;;
22;28/01/2023;La Fortaleza en la Vulnerabilidad;Mostrar vulnerabilidad puede fortalecer las conexiones con los demás.;Ser honesto sobre mis sentimientos y pensamientos.;;
23;29/01/2023;El Impacto de las Palabras Positivas;Las palabras tienen el poder de influir en nuestras emociones.;Utilizar palabras positivas en mi diálogo interno.;;
24;30/01/2023;La Belleza de la Gratitud;La gratitud puede aumentar la satisfacción y la felicidad.;Llevar un registro diario de cosas por las que estoy agradecido.;;
25;31/01/2023;El Arte de la Empatía;La empatía fortalece las conexiones humanas.;Practicar la empatía hacia los demás y hacia mí mismo.;;
26;01/02/2023;El Coraje de Pedir Ayuda;Pedir ayuda es un signo de valentía, no de debilidad.;Recordar que buscar apoyo es un acto valiente.;;
27;02/02/2023;La Inspiración en los Pequeños Momentos;Los momentos cotidianos pueden contener belleza y significado.;Apreciar los pequeños detalles de la vida.;;
28;03/02/2023;El Valor de la Autenticidad;Ser auténtico nos permite vivir una vida más plena.;Abrazar mi autenticidad y ser fiel a mí mismo.;;
29;04/02/2023;La Importancia de la Educación Continua;El aprendizaje constante enriquece la mente y el espíritu.;Buscar oportunidades para aprender algo nuevo cada día.;;
30;05/02/2023;La Resiliencia en la Adversidad;La adversidad puede ser una fuente de fortaleza.;Enfrentar los desafíos con resiliencia y determinación.;;
31;06/02/2023;La Importancia de Cuidar las Relaciones;Las relaciones cercanas son un apoyo invaluable en tiempos difíciles.;Cultivar y nutrir mis relaciones personales.;;
32;07/02/2023;La Fortaleza en la Vulnerabilidad;Compartir mis miedos y debilidades puede fortalecer las conexiones con los demás.;Practicar la vulnerabilidad en mis relaciones.;;
33;08/02/2023;La Belleza del Aprendizaje;Aprender algo nuevo cada día es un regalo.;Continuar mi búsqueda constante de conocimiento.;;
34;09/02/2023;El Poder de la Gratitud Diaria;La gratitud constante transforma la perspectiva.;Reflexionar sobre lo que estoy agradecido cada día.;;
35;10/02/2023;La Importancia del Apoyo Emocional;El apoyo emocional es fundamental para la recuperación.;Buscar apoyo emocional cuando lo necesite.;;
36;11/02/2023;La Resiliencia en la Paciencia;La paciencia es una forma de resiliencia.;Ser paciente conmigo mismo y mi proceso de recuperación.;;
37;12/02/2023;La Inspiración en la Creatividad;La creatividad puede ser una fuente de curación.;Explorar mi creatividad a través del arte o la escritura.;;
38;13/02/2023;El Valor de la Rutina;La rutina proporciona estructura y estabilidad.;Establecer y mantener una rutina diaria saludable.;;
39;14/02/2023;El Impacto del Optimismo;El optimismo puede influir en los resultados.;Mantener una mentalidad positiva incluso en momentos difíciles.;;
40;15/02/2023;El Significado de la Empatía;La empatía conecta a las personas a un nivel más profundo.;Practicar la empatía hacia los demás y comprender sus perspectivas.;;
41;16/02/2023;El Poder de la Visualización;La visualización positiva puede impulsar la recuperación.;Visualizar mi futuro lleno de salud y éxito.;;
42;17/02/2023;La Importancia de la Comunicación Clara;La comunicación efectiva es esencial para evitar malentendidos.;Trabajar en mejorar mi habilidad para comunicarme claramente.;;
43;18/02/2023;La Alegría en los Logros Pequeños;Celebrar los pequeños logros añade alegría a la vida.;Reconocer y celebrar mis logros, por pequeños que sean.;;
44;19/02/2023;El Valor del Autocuidado Físico;Cuidar de mi salud física es esencial para la recuperación.;Comprometerme a una rutina de ejercicio y alimentación saludable.;;
45;20/02/2023;La Fuerza en la Comunidad;La comunidad puede proporcionar apoyo y compañía.;Participar activamente en la comunidad y conectar con otros.;;
46;21/02/2023;El Poder de la Actitud Positiva;Mantener una actitud positiva puede influir en la recuperación.;Cultivar una actitud positiva incluso en situaciones desafiantes.;;
47;22/02/2023;La Inspiración en la Música;La música tiene el poder de elevar el espíritu.;Escuchar música que me inspire y motive.;;
48;23/02/2023;La Importancia de los Pequeños Gestos;Los pequeños actos de bondad pueden tener un gran impacto.;Realizar pequeños gestos de amabilidad cada día.;;
49;24/02/2023;La Sabiduría en la Reflexión;La reflexión diaria ayuda en el crecimiento personal.;Tomar tiempo para reflexionar sobre mis experiencias y aprendizajes.;;
50;25/02/2023;El Significado de la Humildad;La humildad nos permite aprender y crecer.;Practicar la humildad al reconocer que siempre hay más por aprender.;;
51;26/02/2023;La Belleza de la Naturaleza Humana;La humanidad tiene la capacidad de superar adversidades.;Recordar que somos capaces de grandes hazañas.;;
52;27/02/2023;La Importancia de Establecer Límites;Establecer límites es necesario para el bienestar.;Aprender a decir no cuando sea necesario y cuidar de mí mismo.;;
53;28/02/2023;El Impacto de las Palabras Positivas;Las palabras amables pueden elevar el ánimo.;Compartir palabras de aliento con los demás.;;
54;01/03/2023;La Resiliencia en la Rutina Diaria;Una rutina diaria estructurada puede proporcionar estabilidad.;Mantener una rutina que apoye mi recuperación.;;
55;02/03/2023;La Fortaleza en la Adversidad;La adversidad nos muestra de lo que somos capaces.;Afrontar los desafíos con valentía y determinación.;;
56;03/03/2023;La Inspiración en los Sueños;Los sueños pueden convertirse en metas alcanzables.;Trabajar hacia mis sueños y metas personales.;;
57;04/03/2023;El Valor de la Resiliencia Emocional;La resiliencia emocional es esencial para el bienestar.;Fortalecer mi capacidad para manejar las emociones.;;
58;05/03/2023;La Importancia de la Conexión Social;La conexión con otros es vital para la salud mental.;Cultivar relaciones significativas con amigos y familiares.;;
59;06/03/2023;Un Año de Resiliencia y Superación;La resiliencia puede surgir de las experiencias más difíciles.;Reflexionar sobre el año que ha transcurrido desde que experimentaste el ictus y reconocer la fuerza, la perseverancia y el crecimiento que has experimentado en ese tiempo. Celebra tu capacidad de superar desafíos y mira hacia el futuro con optimismo y determinación. ¡Eres un verdadero ejemplo de resiliencia!;;
60;07/03/2023;La Generosidad del Espíritu;La generosidad de espíritu enriquece la vida.;Buscar oportunidades para ayudar a los demás desinteresadamente.;;
61;08/03/2023;El Poder de la Imaginación;La imaginación puede abrir puertas a nuevas posibilidades.;Utilizar la imaginación para encontrar soluciones creativas.;;
62;09/03/2023;La Importancia del Descanso;El descanso adecuado es esencial para la recuperación.;Priorizar un sueño reparador y el descanso cuando sea necesario.;;
63;10/03/2023;;Los libros pueden ser fuentes inagotables de conocimiento y motivación.;Leer libros que me inspiren y enseñen.;;
64;11/03/2023;La Gratitud por las Segundas Oportunidades;Las segundas oportunidades son un regalo precioso.;Apreciar y aprovechar al máximo las oportunidades que se presentan.;;
65;12/03/2023;La Fortaleza en la Flexibilidad;Ser flexible ante los cambios es un signo de fuerza.;Adaptarme a las circunstancias cambiantes con gracia.;;
66;13/03/2023;La Importancia de Estar Presente;Estar presente en el momento es clave para la paz interior.;Practicar la atención plena en la vida cotidiana.;;
67;14/03/2023;La Inspiración en el Deporte;El deporte puede enseñar disciplina y superación personal.;Participar en actividades deportivas que me gusten.;;
68;15/03/2023;El Significado de la Comunicación No Verbal;La comunicación no verbal puede ser tan poderosa como las palabras.;Ser consciente de mi lenguaje corporal y expresiones faciales.;;
69;16/03/2023;La Resiliencia en la Adversidad;La adversidad puede forjar un espíritu indestructible.;Afrontar los desafíos con confianza y determinación.;;
70;17/03/2023;La Importancia de la Nutrición Saludable;La alimentación adecuada es esencial para la recuperación.;Elegir alimentos que nutran mi cuerpo y mente.;;
71;18/03/2023;La Belleza de la Simplicidad;La simplicidad puede llevar a una vida más plena.;Simplificar mi vida y centrarme en lo esencial.;;
72;19/03/2023;El Poder de la Reflexión Positiva;La reflexión positiva puede cambiar la perspectiva.;Enfocarme en las lecciones positivas de las experiencias pasadas.;;
73;20/03/2023;La Generosidad de dar Tiempo;Dar tiempo a los demás es un regalo valioso.;Ofrecer mi tiempo y atención a quienes lo necesiten.;;
74;21/03/2023;La Importancia de la Empatía;La empatía nos conecta a un nivel humano profundo.;Practicar la empatía hacia los demás en todo momento.;;
75;22/03/2023;La Alegría en la Superación Personal;Superar mis propios límites es una fuente de alegría.;Desafiarme a mí mismo y superar mis límites personales.;;
76;23/03/2023;La Inspiración en la Tecnología;La tecnología puede facilitar la vida y la comunicación.;Aprovechar la tecnología para apoyar mi recuperación.;;
77;24/03/2023;El Poder de la Esperanza;La esperanza puede ser un motor poderoso para el cambio.;Mantener viva la esperanza en cada paso de mi recuperación.;;
78;25/03/2023;La Importancia de la Planificación;La planificación cuidadosa puede aumentar las posibilidades de éxito.;Planificar metas y estrategias para alcanzarlas.;;
79;26/03/2023;La Inspiración en los Viajes;Los viajes pueden abrir la mente y el corazón.;Planear viajes o explorar nuevas experiencias.;;
80;27/03/2023;La Gratitud por la Salud;La salud es un tesoro que debemos valorar.;Recordar la importancia de cuidar de mi salud.;;
81;28/03/2023;La Resiliencia en la Tolerancia al Fracaso;La tolerancia al fracaso fortalece la resiliencia.;Aprender de los fracasos y verlos como oportunidades de crecimiento.;;
82;29/03/2023;La Importancia del Aprendizaje de los Errores;Los errores son lecciones disfrazadas.;Reflexionar sobre mis errores y cómo puedo mejorar.;;
83;30/03/2023;La Inspiración en el Arte;El arte puede ser una fuente de expresión y curación.;Explorar el arte como medio de expresión.;;
84;31/03/2023;La Fortaleza en la Resiliencia Física;La resiliencia física es fundamental para la recuperación.;Trabajar en mi resistencia física y fuerza.;;
85;01/04/2023;El Significado de la Comunicación Efectiva;La comunicación efectiva es clave para relaciones saludables.;Mejorar mis habilidades de comunicación.;;
86;02/04/2023;La Alegría en la Ayuda a los Demás;Ayudar a los demás puede brindar alegría y satisfacción.;Ofrecer mi ayuda y apoyo a quienes lo necesiten.;;
87;03/04/2023;La Importancia de la Intuición;La intuición puede ser una guía valiosa en la toma de decisiones.;Escuchar y confiar en mi intuición.;;
88;04/04/2023;La Inspiración en la Filantropía;La filantropía puede tener un impacto positivo en el mundo.;Explorar formas de contribuir a causas benéficas.;;
89;05/04/2023;La Fuerza en la Resiliencia Mental;La resiliencia mental es esencial para superar desafíos.;Fortalecer mi resistencia mental.;;
90;06/04/2023;La Gratitud por las Lecciones Difíciles;Las lecciones difíciles también son valiosas.;Encontrar gratitud en las experiencias desafiantes.;;
91;07/04/2023;El Poder de la Compasión;La compasión puede sanar y unir a las personas.;Practicar la compasión hacia mí mismo y los demás.;;
92;08/04/2023;La Inspiración en la Ciencia;La ciencia nos muestra el asombroso mundo que nos rodea.;Explorar la ciencia y su impacto en la vida cotidiana.;;
93;09/04/2023;La Importancia de la Flexibilidad Mental;La flexibilidad mental permite adaptarse a nuevas situaciones.;Practicar la flexibilidad mental en la resolución de problemas.;;
94;10/04/2023;La Inspiración en la Historia;La historia está llena de ejemplos de superación.;Estudiar historias inspiradoras de figuras históricas.;;
95;11/04/2023;El Valor de la Escucha Activa;La escucha activa fortalece las relaciones.;Mejorar mis habilidades de escucha para comprender mejor a los demás.;;
96;12/04/2023;La Resiliencia en la Empatía;La empatía puede ser una fuente de fortaleza emocional.;Practicar la empatía hacia aquellos que enfrentan dificultades.;;
97;13/04/2023;La Belleza de la Espontaneidad;A veces, las mejores experiencias ocurren sin planificación.;Abrazar la espontaneidad y la aventura.;;
98;14/04/2023;La Importancia del Autodisciplina;La autodisciplina es esencial para el crecimiento personal.;Trabajar en desarrollar hábitos de autodisciplina.;;
99;15/04/2023;La Inspiración en el Deporte;El deporte puede enseñar perseverancia y trabajo en equipo.;Participar en actividades deportivas o seguir equipos deportivos que me inspiren.;;
100;16/04/2023;El Poder de la Resolución de Problemas;La habilidad para resolver problemas es valiosa en la vida.;Mejorar mis habilidades de resolución de problemas.;;
101;17/04/2023;La Gratitud por las Relaciones;Las relaciones significativas enriquecen la vida.;Apreciar y cuidar de las relaciones personales.;;
102;18/04/2023;La Resiliencia en la Comunidad;La comunidad puede ser un pilar de apoyo en tiempos difíciles.;Contribuir activamente a la comunidad y ayudar cuando sea posible.;;
103;19/04/2023;La Importancia de la Educación Continua;El aprendizaje constante nutre la mente y el espíritu.;Buscar oportunidades para aprender algo nuevo cada día.;;
104;20/04/2023;La Inspiración en la Naturaleza;La naturaleza ofrece belleza y serenidad.;Pasar tiempo al aire libre y conectarse con la naturaleza.;;
105;21/04/2023;La Importancia de la Autoevaluación;La autoevaluación ayuda en el crecimiento personal.;Reflexionar sobre mi propio progreso y áreas de mejora.;;
106;22/04/2023;La Alegría en la Superación de Miedos;Superar mis miedos puede llevar a una vida más plena.;Afrontar y superar mis miedos personales.;;
107;23/04/2023;El Significado de la Humildad;La humildad nos permite aprender de los demás.;Practicar la humildad al reconocer que siempre hay más por aprender.;;
108;24/04/2023;El Poder de la Comunicación Asertiva;La comunicación asertiva es clave para relaciones saludables.;Trabajar en mis habilidades de comunicación asertiva.;;
109;25/04/2023;La Inspiración en la Música;La música tiene el poder de mover emociones.;Escuchar música que me inspire y eleve el ánimo.;;
110;26/04/2023;La Importancia de la Resiliencia Emocional;La resiliencia emocional es esencial en la vida.;Fortalecer mi capacidad para manejar las emociones.;;
111;27/04/2023;La Gratitud por la Creatividad;La creatividad es una forma de expresión personal.;Fomentar y explorar mi propia creatividad;;
112;28/04/2023;El Poder de la Autocompasión;La autocompasión es fundamental para el bienestar.;Practicar la autocompasión y tratarme con amabilidad.;;
113;29/04/2023;La Inspiración en los Viajes;;Planificar futuros viajes y aventuras.;;
114;30/04/2023;La Importancia de la Paciencia;La paciencia es esencial en el proceso de recuperación.;Recordar que la paciencia es una virtud valiosa.;;
115;01/05/2023;La Resiliencia en la Adversidad;La adversidad puede ser un catalizador para el crecimiento.;Afrontar los desafíos con resiliencia y confianza.;;
116;02/05/2023;La Importancia de Establecer Límites;Establecer límites es esencial para el autocuidado.;Aprender a decir no cuando sea necesario.;;
117;03/05/2023;La Inspiración en la Historia;La historia está llena de personas que han superado obstáculos.;Investigar y aprender de las historias de figuras históricas inspiradoras.;;
118;04/05/2023;La Alegría en las Pequeñas Victorias;Celebrar las pequeñas victorias agrega alegría a la vida.;Reconocer y celebrar los logros, sin importar cuán pequeños sean.;;
119;05/05/2023;La Importancia de la Comunicación Abierta;La comunicación abierta fortalece las relaciones.;Fomentar una comunicación honesta y abierta con los seres queridos.;;
120;06/05/2023;El Poder de la Espiritualidad;La espiritualidad puede proporcionar consuelo y guía.;Explorar y nutrir mi vida espiritual.;;
121;07/05/2023;La Resiliencia en la Flexibilidad;La flexibilidad mental es clave en tiempos cambiantes.;Practicar la adaptabilidad en situaciones nuevas.;;
122;08/05/2023;La Importancia del Agradecimiento;La gratitud cambia la perspectiva y fomenta la positividad.;Llevar un diario de gratitud diaria.;;
123;09/05/2023;La Inspiración en el Deporte;El deporte enseña disciplina y perseverancia.;Participar en actividades deportivas que me gusten.;;
124;10/05/2023;La Importancia de la Autoevaluación;La autoevaluación es esencial para el crecimiento personal.;Reflexionar sobre mis acciones y elecciones diarias.;;
125;11/05/2023;La Generosidad de Corazón;La generosidad enriquece la vida.;Encontrar oportunidades para ser generoso con los demás.;;
126;12/05/2023;El Poder de la Comunidad;La comunidad puede proporcionar apoyo invaluable.;Participar activamente en la comunidad y dar algo a cambio.;;
127;13/05/2023;La Importancia de la Empatía;La empatía fortalece las conexiones humanas.;Practicar la empatía hacia los demás y comprender sus perspectivas.;;
128;14/05/2023;La Belleza de la Naturaleza;La naturaleza ofrece belleza y serenidad.;Pasar tiempo al aire libre y conectarse con la naturaleza.;;
129;15/05/2023;La Resiliencia en la Tolerancia al Fracaso;La tolerancia al fracaso fortalece la resiliencia.;Ver el fracaso como una oportunidad para aprender y crecer.;;
130;16/05/2023;La Inspiración en la Ciencia;La ciencia nos muestra el asombroso mundo que nos rodea.;Explorar la ciencia y su impacto en la vida cotidiana.;;
131;17/05/2023;El Poder de la Determinación;La determinación puede superar obstáculos aparentemente insuperables.;Mantener un enfoque firme en mis metas y objetivos.;;
132;18/05/2023;La Importancia de la Comunicación Empática;La empatía en la comunicación fortalece las relaciones.;Escuchar activamente y comprender las necesidades de los demás.;;
133;19/05/2023;La Inspiración en la Literatura;La literatura ofrece perspectivas y sabiduría profundas.;Leer libros y obras literarias que inspiren y enriquezcan.;;
134;20/05/2023;La Gratitud por las Pequeñas Cosas;Las pequeñas alegrías de la vida son igualmente valiosas.;Apreciar los pequeños momentos de felicidad cotidiana.;;
135;21/05/2023;La Resiliencia en la Flexibilidad Mental;La flexibilidad mental permite adaptarse a las circunstancias cambiantes.;Abrazar el cambio con una mente abierta y flexible.;;
136;22/05/2023;La Importancia de la Humildad;La humildad abre la puerta al aprendizaje y al crecimiento.;Reconocer que siempre hay algo nuevo por aprender.;;
137;23/05/2023;La Inspiración en la Filosofía;La filosofía puede proporcionar sabiduría sobre la vida y el propósito.;Reflexionar sobre las enseñanzas filosóficas y su aplicabilidad.;;
138;24/05/2023;El Valor de la Comunicación Clara;La comunicación clara es esencial para evitar malentendidos.;Trabajar en mejorar la claridad de mi comunicación.;;
139;25/05/2023;La Alegría en la Ayuda a los Demás;Ayudar a los demás puede generar satisfacción y propósito.;Ofrecer apoyo y asistencia a quienes lo necesiten.;;
140;26/05/2023;La Importancia de la Planificación;La planificación cuidadosa es clave para el éxito.;Establecer metas claras y trazar planes para alcanzarlas.;;
141;27/05/2023;La Resiliencia en la Adversidad;La adversidad puede forjar la fortaleza interior.;Afrontar los desafíos con valentía y resiliencia.;;
142;28/05/2023;La Inspiración en la Música;La música puede elevar el espíritu y transmitir emociones profundas.;Escuchar música que me conecte con mis emociones y metas.;;
143;29/05/2023;La Importancia de la Autoaceptación;Aceptar quién soy es esencial para la paz interior.;Amar y aceptar todas las partes de mí mismo.;;
144;30/05/2023;Un Año de Renacimiento y Segundas Oportunidades;La vida nos brinda segundas oportunidades para apreciar y aprovechar al máximo cada día.;Reflexionar sobre el significativo hito de tu primer año desde tu resurrección y celebrar la vida que has recuperado. Reconoce el regalo de la salud y la vitalidad renovadas, y comprométete a seguir viviendo cada día con gratitud y pasión, honrando tu segunda oportunidad en la vida.;;
145;31/05/2023;La Importancia de la Educación Continua;El aprendizaje constante nutre la mente y el alma.;Buscar conocimiento y crecimiento constantemente.;;
146;01/06/2023;El Poder de la Comunidad;La comunidad puede brindar apoyo y pertenencia.;Contribuir y participar activamente en la comunidad.;;
147;02/06/2023;La Importancia de la Empatía;La empatía nos conecta profundamente con los demás.;Practicar la empatía hacia todos los seres humanos.;;
148;03/06/2023;La Belleza de la Naturaleza;La naturaleza nos brinda belleza y serenidad.;Conectarse con la naturaleza y apreciar su esplendor.;;
149;04/06/2023;La Resiliencia en la Tolerancia al Fracaso;La tolerancia al fracaso es un signo de resiliencia.;Ver los fracasos como oportunidades para aprender y crecer.;;
150;05/06/2023;La Inspiración en la Ciencia;La ciencia revela maravillas en el mundo que nos rodea.;Explorar y aprender sobre descubrimientos científicos.;;
151;06/06/2023;La Importancia de la Autenticidad;Ser auténtico es esencial para una vida plena.;Abrazar mi verdadera esencia y ser fiel a mí mismo.;;
152;07/06/2023;La Inspiración en los Viajes;Los viajes pueden enriquecer el alma y la mente.;Planear una próxima aventura o viaje.;;
153;08/06/2023;La Paciencia como Virtud;La paciencia es una virtud que conduce a la sabiduría.;Practicar la paciencia en situaciones desafiantes.;;
154;09/06/2023;Un Año Más de Aventuras y Logros;Cada cumpleaños es un recordatorio de la vida que has vivido y las oportunidades que están por venir.;Celebrar tu día especial con gratitud por todo lo que has experimentado y logrado hasta ahora, y mirar hacia adelante con emoción y entusiasmo por el próximo capítulo de tu vida. ¡Feliz Cumpleaños!;;
155;10/06/2023;La Importancia del Autocuidado;El autocuidado es esencial para la salud y el bienestar.;Hacer del autocuidado una prioridad en mi vida diaria.;;
156;11/06/2023;La Inspiración en la Historia;La historia está llena de ejemplos de superación.;Estudiar la vida de personas históricas que me inspiren.;;
157;12/06/2023;La Alegría en los Pequeños Momentos;La verdadera alegría se encuentra en los momentos simples.;Disfrutar de los pequeños placeres de la vida.;;
158;13/06/2023;La Importancia de la Comunicación Abierta;La comunicación abierta fortalece las relaciones.;Fomentar una comunicación sincera y honesta.;;
159;14/06/2023;El Poder de la Espiritualidad;La espiritualidad puede brindar consuelo y orientación.;Cultivar mi vida espiritual y encontrar significado en ella.;;
160;15/06/2023;La Resiliencia en la Flexibilidad Mental;La flexibilidad mental es esencial en la vida moderna.;Practicar la adaptabilidad en mi pensamiento y acciones.;;
161;16/06/2023;La Importancia de la Gratitud;La gratitud transforma la perspectiva y genera felicidad.;Mantener un diario de gratitud para recordar mis bendiciones.;;
162;17/06/2023;"""La Inspiración en el Deporte";El deporte enseña disciplina y superación personal.;Participar en actividades deportivas que me motiven.;;
163;18/06/2023;La Importancia de la Autoevaluación;La autoevaluación es clave para el crecimiento personal.;Reflexionar sobre mi progreso y áreas de mejora.;;
164;19/06/2023;La Generosidad del Corazón;La generosidad enriquece la vida y fortalece las relaciones.;Buscar oportunidades para ayudar a los demás desinteresadamente.;;
165;20/06/2023;La Importancia de la Educación Continua;El aprendizaje constante enriquece la mente y el alma.;Buscar oportunidades de aprendizaje en la vida cotidiana.;;
166;21/06/2023;El Poder de la Comunidad;La comunidad puede brindar apoyo y solidaridad.;Contribuir a la comunidad y marcar la diferencia.;;
167;22/06/2023;La Importancia de la Empatía;La empatía nos conecta profundamente con los demás.;Practicar la empatía en todas las interacciones.;;
168;23/06/2023;La Belleza de la Naturaleza;La naturaleza nos regala belleza y serenidad.;;;
169;24/06/2023;La Resiliencia en la Tolerancia al Fracaso;La tolerancia al fracaso fortalece la resiliencia.;Ver los fracasos como oportunidades para aprender y crecer.;;
170;25/06/2023;La Inspiración en la Ciencia;La ciencia revela los misterios del mundo.;Explorar descubrimientos científicos y sus implicaciones.;;
171;26/06/2023;La Importancia de la Autenticidad;Ser auténtico nos permite conectar con otros en un nivel más profundo.;Abrazar mi autenticidad y ser fiel a mí mismo en todas las situaciones.;;
172;27/06/2023;La Inspiración en los Viajes;Los viajes nos enseñan sobre nuevas culturas y perspectivas.;Planificar un viaje que me permita explorar y aprender.;;
173;28/06/2023;La Paciencia como Virtud;La paciencia nos ayuda a enfrentar desafíos con calma.;Practicar la paciencia en situaciones estresantes.;;
174;29/06/2023;La Resiliencia en la Adaptación;La adaptación a nuevas circunstancias es una habilidad valiosa.;Ser flexible y ajustarme a los cambios sin resistencia.;;
175;30/06/2023;La Importancia del Autocuidado;El autocuidado es esencial para mantener el equilibrio.;Hacer tiempo para cuidar de mi bienestar físico y emocional.;;
176;01/07/2023;La Inspiración en la Historia;La historia está llena de ejemplos de resiliencia y superación.;Estudiar la vida de personas históricas que enfrentaron desafíos.;;
177;02/07/2023;La Alegría en los Pequeños Momentos;La verdadera felicidad se encuentra en las cosas simples de la vida.;Disfrutar de las pequeñas alegrías cotidianas.;;
178;03/07/2023;La Importancia de la Comunicación Abierta;La comunicación abierta fortalece las relaciones.;Fomentar un ambiente donde la comunicación honesta sea bienvenida.;;
179;04/07/2023;El Poder de la Espiritualidad;La espiritualidad puede brindar consuelo y guía.;Cultivar mi vida espiritual y encontrar significado en ella.;;
180;05/07/2023;La Resiliencia en la Flexibilidad Mental;La flexibilidad mental nos ayuda a adaptarnos a situaciones cambiantes.;Practicar la apertura mental ante nuevas ideas y perspectivas.;;
181;06/07/2023;La Importancia de la Gratitud;La gratitud transforma la perspectiva y nutre el alma.;Mantener un diario de gratitud para apreciar las bendiciones diarias.;;
182;07/07/2023;La Inspiración en el Deporte;El deporte enseña disciplina y perseverancia.;Participar en actividades deportivas que me motiven.;;
183;08/07/2023;La Importancia de la Autoevaluación;La autoevaluación es clave para el crecimiento personal.;Reflexionar sobre mis acciones y elecciones en busca de mejora.;;
184;09/07/2023;La Generosidad del Corazón;La generosidad enriquece la vida y fortalece las relaciones.;Buscar oportunidades para ayudar a los demás desinteresadamente.;;
185;10/07/2023;La Importancia de la Educación Continua;El aprendizaje constante nutre la mente y el alma.;Buscar oportunidades de aprendizaje en la vida cotidiana.;;
186;11/07/2023;El Poder de la Comunidad;La comunidad puede brindar apoyo y solidaridad.;Contribuir a la comunidad y marcar la diferencia.;;
187;12/07/2023;La Importancia de la Empatía;La empatía nos conecta profundamente con los demás.;Practicar la empatía en todas las interacciones.;;
188;13/07/2023;La Belleza de la Naturaleza;La naturaleza nos regala belleza y serenidad.;Pasar tiempo al aire libre y conectarse con la naturaleza.;;
189;14/07/2023;La Resiliencia en la Tolerancia al Fracaso;La tolerancia al fracaso fortalece la resiliencia.;Ver los fracasos como oportunidades para aprender y crecer.;;
190;15/07/2023;La Inspiración en la Ciencia;La ciencia nos revela los misterios del mundo.;Explorar descubrimientos científicos y su impacto en la sociedad.;;
191;16/07/2023;El Valor de la Honestidad;La honestidad es fundamental para construir relaciones sólidas.;Practicar la honestidad en todas las interacciones.;;
192;17/07/2023;La Inspiración en los Viajes;Los viajes pueden ampliar nuestros horizontes y nuestra mente.;Planificar un próximo viaje o aventura para aprender y crecer.;;
193;18/07/2023;La Paciencia como Fortaleza;La paciencia es una virtud que nos permite superar desafíos.;Cultivar la paciencia en situaciones difíciles.;;
194;19/07/2023;La Resiliencia en la Adaptación;La adaptación a nuevas circunstancias es un signo de resiliencia.;Abrazar el cambio con una mentalidad abierta y flexible.;;
195;20/07/2023;"La Importancia del Autocuidado"" Lección";El autocuidado es esencial para mantener el equilibrio.;Hacer del autocuidado una prioridad constante en mi vida.;;
196;21/07/2023;La Inspiración en la Historia;La historia está llena de ejemplos de superación y valentía.;Estudiar la vida de personas históricas que enfrentaron adversidades.;;
197;22/07/2023;La Alegría en los Pequeños Momentos;La felicidad se encuentra en las pequeñas cosas de la vida.;Disfrutar de los pequeños placeres cotidianos.;;
198;23/07/2023;La Importancia de la Comunicación Auténtica;La comunicación auténtica fortalece las relaciones.;Ser auténtico y honesto en todas las conversaciones.;;
199;24/07/2023;El Poder de la Espiritualidad;La espiritualidad puede proporcionar consuelo y significado.;Cultivar mi vida espiritual y encontrar paz interior.;;
200;25/07/2023;La Resiliencia en la Flexibilidad Mental;La flexibilidad mental nos permite adaptarnos a cualquier situación.;Practicar la apertura mental y adaptarse a los cambios.;;
201;26/07/2023;La Importancia de la Gratitud;La gratitud transforma nuestra perspectiva y fomenta la felicidad.;Mantener un diario de gratitud para enfocarse en las bendiciones.;;
202;27/07/2023;La Inspiración en el Deporte;El deporte enseña disciplina y trabajo en equipo.;Participar en actividades deportivas que me desafíen.;;
203;28/07/2023;La Importancia de la Autoevaluación;La autoevaluación es esencial para el crecimiento personal.;Reflexionar sobre mis acciones y metas diarias.;;
204;29/07/2023;La Generosidad del Corazón;La generosidad enriquece nuestras vidas y fortalece las relaciones.;Buscar oportunidades para ayudar a los demás de manera desinteresada.;;
205;30/07/2023;La Importancia de la Educación Continua;El aprendizaje constante enriquece la mente y el alma.;Buscar oportunidades de aprendizaje en la vida cotidiana.;;
206;31/07/2023;El Poder de la Comunidad;La comunidad puede brindar apoyo y solidaridad.;Contribuir activamente a la comunidad y ayudar a quienes lo necesitan.;;
207;01/08/2023;La Importancia de la Empatía;La empatía nos conecta profundamente con los demás.;Practicar la empatía en todas las interacciones.;;
208;02/08/2023;La Belleza de la Naturaleza;La naturaleza nos regala belleza y serenidad.;Pasar tiempo al aire libre y conectarse con la naturaleza.;;
209;03/08/2023;La Resiliencia en la Tolerancia al Fracaso;La tolerancia al fracaso fortalece la resiliencia.;Ver los fracasos como oportunidades para aprender y crecer.;;
210;04/08/2023;La Inspiración en la Ciencia;La ciencia revela los secretos del mundo que nos rodea.;Explorar descubrimientos científicos y su impacto en la sociedad.;;
211;05/08/2023;La Importancia de la Autenticidad;La autenticidad es clave para construir relaciones genuinas.;Ser fiel a mí mismo en todas las situaciones y relaciones.;;
212;06/08/2023;La Inspiración en los Viajes;Los viajes expanden nuestros horizontes y perspectivas.;Planificar una aventura que me permita explorar y aprender.;;
213;07/08/2023;La Paciencia como Fortaleza;La paciencia nos ayuda a superar obstáculos con calma.;Cultivar la paciencia en momentos de frustración.;;
214;08/08/2023;La Resiliencia en la Adaptación;Adaptarse a nuevas circunstancias es un signo de resiliencia.;Abrazar el cambio con flexibilidad y mente abierta.;;
215;09/08/2023;La Importancia del Autocuidado;El autocuidado es esencial para mantener el equilibrio.;Hacer del autocuidado una parte fundamental de mi rutina.;;
216;10/08/2023;La Inspiración en la Historia;La historia está llena de ejemplos de superación y valentía.;Estudiar la vida de figuras históricas que enfrentaron desafíos.;;
217;11/08/2023;La Alegría en los Pequeños Momentos;La verdadera felicidad reside en las pequeñas cosas de la vida.;Disfrutar de los pequeños placeres cotidianos.;;
218;12/08/2023;La Importancia de la Comunicación Auténtica;La comunicación auténtica fortalece las relaciones.;Ser sincero y honesto en todas las conversaciones.;;
219;13/08/2023;El Poder de la Espiritualidad;La espiritualidad brinda consuelo y dirección.;Cultivar mi vida espiritual y encontrar significado en ella.;;
220;14/08/2023;La Resiliencia en la Flexibilidad Mental;La flexibilidad mental nos permite adaptarnos a nuevas circunstancias.;Practicar la apertura mental y estar dispuesto a aprender.;;
221;15/08/2023;La Importancia de la Gratitud;La gratitud transforma nuestra perspectiva y genera felicidad.;Mantener un diario de gratitud para recordar las bendiciones.;;
222;16/08/2023;La Inspiración en el Deporte;El deporte enseña disciplina y perseverancia.;Participar en actividades deportivas que me inspiren.;;
223;17/08/2023;La Importancia de la Autoevaluación;La autoevaluación es clave para el crecimiento personal.;;;
224;18/08/2023;La Generosidad del Corazón;La generosidad enriquece nuestras vidas y fortalece las relaciones.;Buscar oportunidades para ayudar a los demás de manera desinteresada.;;
225;19/08/2023;"""La Importancia de la Educación Continua";El aprendizaje constante enriquece la mente y el alma.;Buscar oportunidades de aprendizaje en la vida cotidiana.;;
226;20/08/2023;El Poder de la Comunidad;La comunidad puede brindar apoyo y solidaridad.;Contribuir activamente a la comunidad y ayudar a quienes lo necesitan.;;
227;21/08/2023;La Importancia de la Empatía;La empatía nos conecta profundamente con los demás.;Practicar la empatía en todas las interacciones.;;
228;22/08/2023;La Belleza de la Naturaleza;La naturaleza nos regala belleza y serenidad.;Pasar tiempo al aire libre y conectarse con la naturaleza.;;
229;23/08/2023;La Resiliencia en la Tolerancia al Fracaso;La tolerancia al fracaso fortalece la resiliencia.;Ver los fracasos como oportunidades para aprender y crecer.;;
230;24/08/2023;La Inspiración en la Ciencia;La ciencia nos revela los secretos del mundo que nos rodea.;Explorar descubrimientos científicos y su impacto en la sociedad.;;
231;25/08/2023;La Importancia de la Autenticidad;La autenticidad es esencial para construir relaciones significativas.;Abrazar mi verdadera esencia en todas las áreas de mi vida.;;
232;26/08/2023;La Inspiración en los Viajes;Los viajes ofrecen oportunidades para el crecimiento personal.;Planificar un viaje que me desafíe y me permita aprender más sobre el mundo.;;
233;27/08/2023;La Paciencia como Fortaleza;La paciencia nos ayuda a mantener la calma en medio de la adversidad.;Cultivar la paciencia en situaciones estresantes.;;
234;28/08/2023;La Resiliencia en la Adaptación;Adaptarse a nuevos desafíos es una muestra de resiliencia.;Abrazar los cambios con una mentalidad abierta y flexible.;;
235;29/08/2023;La Importancia del Autocuidado;El autocuidado es esencial para la salud física y mental.;Hacer del autocuidado una prioridad en mi rutina diaria.;;
236;30/08/2023;La Inspiración en la Historia;La historia está llena de ejemplos de superación y valentía.;Estudiar las vidas de figuras históricas que enfrentaron desafíos similares.;;
237;31/08/2023;La Alegría en los Pequeños Momentos;La felicidad se encuentra en las pequeñas cosas de la vida.;Disfrutar de los pequeños placeres cotidianos.;;
238;01/09/2023;La Importancia de la Comunicación Auténtica;La comunicación auténtica fortalece las relaciones.;Practicar la honestidad y la sinceridad en todas las conversaciones.;;
239;02/09/2023;El Poder de la Espiritualidad;La espiritualidad puede proporcionar consuelo y guía.;Cultivar mi vida espiritual y encontrar significado en ella.;;
240;03/09/2023;La Resiliencia en la Flexibilidad Mental;La flexibilidad mental nos permite adaptarnos a situaciones cambiantes.;Practicar la apertura mental ante nuevas perspectivas.;;
241;04/09/2023;La Importancia de la Gratitud;La gratitud transforma nuestra perspectiva y fomenta la felicidad.;Mantener un diario de gratitud para recordar las bendiciones diarias.;;
242;05/09/2023;La Inspiración en el Deporte;El deporte enseña disciplina y perseverancia.;Participar en actividades deportivas que me motiven.;;
243;06/09/2023;La Importancia de la Autoevaluación;La autoevaluación es clave para el crecimiento personal.;Reflexionar sobre mis acciones y elecciones diarias.;;
244;07/09/2023;La Generosidad del Corazón;La generosidad enriquece nuestras vidas y fortalece las relaciones;Buscar oportunidades para ayudar a los demás de manera desinteresada.;;
245;08/09/2023;La Importancia de la Educación Continua;El aprendizaje constante nutre la mente y el alma;Buscar oportunidades de aprendizaje en la vida cotidiana.;;
246;09/09/2023;El Poder de la Comunidad;La comunidad puede brindar apoyo y solidaridad;Contribuir activamente a la comunidad y marcar la diferencia.;;
247;10/09/2023;La Importancia de la Empatía;La empatía nos conecta profundamente con los demás;Practicar la empatía en todas las interacciones.;;
248;11/09/2023;La Belleza de la Naturaleza;La naturaleza nos regala belleza y serenidad;Pasar tiempo al aire libre y conectarse con la naturaleza.;;
249;12/09/2023;La Resiliencia en la Tolerancia al Fracaso;La tolerancia al fracaso fortalece la resiliencia;Ver los fracasos como oportunidades para aprender y crecer.;;
250;13/09/2023;La Inspiración en la Ciencia;La ciencia revela los misterios del mundo que nos rodea;Explorar descubrimientos científicos y su impacto en la sociedad.;;
251;14/09/2023;La Importancia de la Autenticidad;La autenticidad nos permite conectar más profundamente con los demás;Ser genuino y auténtico en todas las interacciones.;;
252;15/09/2023;La Inspiración en los Viajes;Los viajes pueden ampliar nuestros horizontes y cambiar nuestra perspectiva;Planear una aventura que me permita explorar nuevas culturas.;;
253;16/09/2023;La Paciencia como Fortaleza;La paciencia nos ayuda a superar desafíos con calma y determinación;Cultivar la paciencia en situaciones difíciles.;;
254;17/09/2023;La Resiliencia en la Adaptación;Adaptarse a nuevas circunstancias es una muestra de resiliencia;Abrazar el cambio con mente abierta y flexibilidad.;;
255;18/09/2023;La Importancia del Autocuidado;El autocuidado es fundamental para la salud y el bienestar;Hacer del autocuidado una parte esencial de mi vida diaria.;;
256;19/09/2023;La Inspiración en la Historia;La historia está llena de ejemplos de superación y valentía;Estudiar la vida de personas históricas que enfrentaron adversidades.;;
257;20/09/2023;La Alegría en los Pequeños Momentos;La verdadera felicidad se encuentra en las cosas simples de la vida;Disfrutar de los pequeños placeres cotidianos.;;
258;21/09/2023;La Importancia de la Comunicación Auténtica;La comunicación auténtica fortalece las relaciones;Fomentar la honestidad y la sinceridad en todas las conversaciones.;;
259;22/09/2023;El Poder de la Espiritualidad;La espiritualidad puede brindar consuelo y orientación;Cultivar mi vida espiritual y encontrar significado en ella.;;
260;23/09/2023;La Resiliencia en la Flexibilidad Mental;La flexibilidad mental nos permite adaptarnos a situaciones cambiantes;Practicar la apertura mental y estar dispuesto a aprender.;;
261;24/09/2023;La Importancia de la Gratitud;La gratitud transforma la perspectiva y fomenta la felicidad;Mantener un diario de gratitud para recordar las bendiciones.;;
262;25/09/2023;La Inspiración en el Deporte;El deporte enseña disciplina y perseverancia;Participar en actividades deportivas que me inspiren.;;
263;26/09/2023;La Importancia de la Autoevaluación;La autoevaluación es clave para el crecimiento personal;Reflexionar sobre mis acciones y elecciones diarias.;;
264;27/09/2023;La Generosidad del Corazón;La generosidad enriquece nuestras vidas y fortalece las relaciones;Buscar oportunidades para ayudar a los demás de manera desinteresada.;;
265;28/09/2023;La Importancia de la Educación Continua;El aprendizaje constante nutre la mente y el alma;Buscar oportunidades de aprendizaje en la vida cotidiana.;;
266;29/09/2023;El Poder de la Comunidad;La comunidad puede brindar apoyo y solidaridad;Contribuir activamente a la comunidad y marcar la diferencia.;;
267;30/09/2023;La Importancia de la Empatía;La empatía nos conecta profundamente con los demás;Practicar la empatía en todas las interacciones.;;
268;01/10/2023;La Belleza de la Naturaleza;La naturaleza nos regala belleza y serenidad;Pasar tiempo al aire libre y conectarse con la naturaleza.;;
269;02/10/2023;La Resiliencia en la Tolerancia al Fracaso;La tolerancia al fracaso fortalece la resiliencia;Ver los fracasos como oportunidades para aprender y crecer.;;
270;03/10/2023;La Inspiración en la Ciencia;La ciencia revela los misterios del mundo que nos rodea;Explorar descubrimientos científicos y su impacto en la sociedad.;;
271;04/10/2023;La Importancia de la Autenticidad;La autenticidad fortalece las conexiones humanas;Ser genuino y auténtico en todas las interacciones.;;
272;05/10/2023;La Inspiración en los Viajes;Los viajes ofrecen oportunidades para aprender y crecer;Planificar una nueva aventura que expanda mis horizontes.;;
273;06/10/2023;La Paciencia como Fortaleza;La paciencia nos ayuda a enfrentar desafíos con serenidad;Cultivar la paciencia en situaciones de estrés.;;
274;07/10/2023;La Resiliencia en la Adaptación;Adaptarse a nuevas circunstancias es un signo de resiliencia;Abrazar el cambio con flexibilidad y mente abierta.;;
275;08/10/2023;La Importancia del Autocuidado;El autocuidado es esencial para la salud y el bienestar;Hacer del autocuidado una prioridad constante.;;
276;09/10/2023;La Inspiración en la Historia;La historia está llena de ejemplos de superación y valentía;Estudiar la vida de figuras históricas que enfrentaron adversidades.;;
277;10/10/2023;La Alegría en los Pequeños Momentos;La felicidad se encuentra en las pequeñas cosas de la vida;Disfrutar de los pequeños placeres cotidianos.;;
278;11/10/2023;La Importancia de la Comunicación Auténtica;La comunicación auténtica fortalece las relaciones;Practicar la honestidad y la sinceridad en todas las conversaciones.;;
279;12/10/2023;El Poder de la Espiritualidad;La espiritualidad puede brindar consuelo y orientación;Cultivar mi vida espiritual y encontrar paz interior.;-;-
280;13/10/2023;La Resiliencia en la Flexibilidad Mental;La flexibilidad mental nos ayuda a adaptarnos a nuevas situaciones;Practicar la apertura mental ante nuevas perspectivas.;-;-
281;14/10/2023;El Camino de Aprendizaje: Un Viaje sin Fin;La vida es un constante proceso de aprendizaje y crecimiento.;Abrazar cada día como una oportunidad para aprender algo nuevo, ya sea una lección pequeña o una revelación importante, recordándome a mí mismo que el conocimiento y el crecimiento son tesoros invaluables en este viaje llamado vida.;El Camino de Aprendizaje;Este camino de aprendizaje es mi sendero,
282;15/10/2023;Fortaleza Interior: La Reserva Inagotable;La fortaleza interior es un recurso inagotable que reside en nuestro interior.;Reconocer y fortalecer mi propia fortaleza interior, recordándome a mí mismo que puedo enfrentar desafíos con valentía y resiliencia, incluso en los momentos más difíciles.;La Fortaleza Interior;"En lo más profundo de mi ser, hallé la fortaleza,
Un tesoro oculto en mi alma en la tristeza.
El ictus no pudo extinguir mi llama interior,
Con resiliencia, enfrenté cada dolor.
"
283;16/10/2023;El Progreso: Un Viaje Constante;El progreso es el resultado de un esfuerzo constante y la voluntad de mejorar.;Reflexionar sobre los logros que he alcanzado en mi vida y comprometerme a seguir avanzando, reconociendo que el camino del progreso es un viaje continuo lleno de oportunidades para crecer y mejorar.;El Progreso;"El progreso es mi reflejo, mi recompensa fiel,
En cada logro pequeño, en cada nuevo laurel.
El ictus me marcó, pero no me definió,
Con determinación, a nuevos horizontes voy.
"
284;17/10/2023;La Actitud, Nuestra Poderosa Herramienta;Nuestra actitud puede influir en cómo enfrentamos la vida.;Reconocer que tengo el poder de elegir una actitud positiva, resiliente y optimista, lo que puede marcar la diferencia en la forma en que enfrento los desafíos.;Actitud;Aprendo de mis limitaciones con humildad.
285;18/10/2023;El Renacer: Un Nuevo Comienzo;En la vida, tenemos la capacidad de renacer y empezar de nuevo.;Abrazar la oportunidad de un nuevo comienzo, liberándome de las cargas del pasado y mirando hacia el futuro con esperanza y determinación.;Renacer;"En la sombra, un renacer silencioso comenzó,
Como el ave herida, hacia el cielo me elevé yo.
Aprendí que la fuerza reside en la perseverancia,
Y en cada pequeño avance, hallé la esperanza.
"
286;19/10/2023;Las Batallas Internas: Enfrentando a mis Demonios;A veces, nuestras mayores batallas son las que libramos dentro de nosotros mismos.;Reconocer y abordar las luchas internas, cultivando la autorreflexión y la autocompasión como herramientas para superar los desafíos personales.;Batalla Interna;"Dolor y limitaciones me rodearon con fuerza,
En la batalla interna, mi alma tuvo su inversa.
Con cada paso lento, con cada nueva aurora,
Luché contra el abismo, encontrando mi propia historia.
"
287;20/10/2023;El Despertar a Nuevas Posibilidades;La vida está llena de oportunidades y posibilidades esperando a ser descubiertas.;Abrir los ojos y la mente a nuevas perspectivas, explorando caminos desconocidos y abrazando la maravilla del descubrimiento en mi viaje de vida.;El Despertar;
288;21/10/2023;Fe en Uno Mismo: La Llave de la Confianza;La fe en uno mismo es el cimiento de la confianza y el éxito.;Cultivar una fe sólida en mis habilidades, recordándome a mí mismo que soy capaz de superar desafíos y alcanzar mis metas cuando confío en mi potencial.;Fe en Uno Mismo;"En el rincón más profundo, mi fe hallé,
Un tesoro interior, sin temor a tropezar.
El ictus puede haberme desafiado y herido,
Pero en mí, la fe en uno mismo ha florecido.
"
289;22/10/2023;El Corazón Resiliente: Fortaleza en la Adversidad;El corazón resiliente puede encontrar fuerza incluso en los momentos más difíciles.;Reconocer la capacidad de mi corazón para recuperarse y encontrar fortaleza en medio de la adversidad, recordándome a mí mismo que soy más fuerte de lo que a veces puedo creer.;El Corazón Resiliente;
290;23/10/2023;Coraje y Amor Propio: Un Poderoso Dúo;El coraje y el amor propio son aliados fundamentales en la vida.;Practicar el coraje al enfrentar desafíos y recordarme a mí mismo que merezco amor y cuidado, especialmente de mí mismo, en cada paso de mi viaje.;Coraje y el Amor Propio;
291;24/10/2023;La Carga de la Culpa Familiar;La culpa es una emoción natural, pero no siempre justificada.;Comprender que tu familia te apoya por amor y no por obligación. Agradecer su apoyo incondicional y liberarte de la culpa indebida;Poema de Liberación;
292;25/10/2023;Perseverancia en la Adversidad: Forjando Mi Carácter;La perseverancia en tiempos difíciles puede fortalecer nuestra resiliencia.;Reflexionar sobre las adversidades que he enfrentado y cómo me han moldeado, recordándome a mí mismo que cada desafío superado me ha hecho más fuerte y capaz de enfrentar lo que venga.;Perseverancia en la Adversidad;"En la época incierta que ahora atravieso yo,
Cosas incontrolables me rodean sin razón.
No debo permitir que la parálisis se apodere,
Mi objetivo es la recuperación, eso lo prevalece.

A pesar de las tormentas que puedan azotar,
Sé que todo llegará, se solucionará sin dudar.
La perseverancia es mi faro, mi guía constante,
En mi camino, el enfoque y la fuerza son relevantes.

Lo que no puedo cambiar, lo dejo atrás con calma,
Mi mente se enfoca en lo que está en mi palma.
Mi recuperación es mi destino y mi pasión,
Afronto cada desafío con determinación.
"
293;26/10/2023;El Valor de Contextualizar;Para comprender plenamente, es importante no sacar las cosas de su contexto.;Practicar la paciencia y la reflexión antes de juzgar o interpretar, recordando que el contexto puede ser clave para una comprensión más profunda.;El contexto ;"En el vasto lienzo de la vida, aprendí una lección,
Ver las cosas en su contexto, con discernimiento y razón.
A veces, los detalles solos pueden engañar,
Pero en el panorama completo, la verdad se hace brillar.

No arranques palabras de su contexto sin piedad,
Pueden herir, distorsionar la realidad.
En su marco adecuado, hallamos claridad,
Y evitamos malentendidos, una virtud en verdad.

Cada pieza encaja en este rompecabezas que es vivir,
Cuando entendemos el contexto, podemos seguir.
No juzgues apresuradamente, sin saber,
El contexto es la clave para comprender y crecer.
"
294;27/10/2023;Fe en un Futuro Brillante;La fe en un futuro mejor puede guiar mis acciones.;Mantener una fe inquebrantable en la realización de mis sueños.;Fe en un Futuro Brillante;"Sé que Dios tiene planes, algo bonito en su mente,
Aunque parezca imposible, en Él confío plenamente.
Mis sueños, mis anhelos, los llevaré a cumplir,
En cada paso, en cada lucha, en cada porvenir.

Aunque los obstáculos sean altos y las pruebas duras,
La fe en mi corazón me da fuerza, me asegura.
Los sueños se harán realidad, lo sé con certeza,
En el abrazo de la esperanza, en la vida que empieza.

Así que avanzo con determinación, sin dudar,
Sabiendo que la felicidad me espera al final del camino.
En cada desafío, en cada prueba que venga,
Sé que con Dios a mi lado, mi vida se llena.
"
295;28/10/2023;La Familia: Nuestro Refugio en la Tormenta;La familia es un apoyo incondicional en todas las etapas de la vida.;Reconocer el valor de la familia como un pilar de amor, apoyo y compañía, y recordar que siempre hay un lugar donde pertenecemos.;Gratitud por la Familia;"Cuando estoy con mi familia, la alegría florece,
En sus abrazos y sonrisas, mi corazón agradece.
La suerte que tengo, no puedo negar,
Una familia tan amada, un tesoro sin igual.

En cada reunión, en cada gesto sincero,
El amor de mi familia es mi mayor tesoro verdadero.
Las risas compartidas, los momentos especiales,
Son tesoros que atesoro, son momentos memorables.

En su apoyo incondicional, en su calor y su luz,
Encuentro la fortaleza que en la vida me seduz.
Mi familia, mi refugio, mi razón de ser,
Con ustedes, soy feliz, eso es lo que quiero decir.
"
296;29/10/2023;Mi Querida Hermana, Mi Roca;La familia es un regalo invaluable en la vida.;Reflexionar sobre la importancia de mi hermana en mi vida y expresar mi gratitud por su apoyo constante y amor incondicional.;mi querida hermana;"mi querida hermana 
Mi hermana, un pilar en mi vida, es verdad,
Cuando en casa está, mi corazón está en paz.
Un lazo que el tiempo nunca desvanecerá,
Eres mi apoyo constante, mi luz en la oscuridad.

Tus risas y consejos, tu amor sin condición,
En cada momento juntos, encuentro bendición.
Eres mi hermana , mi amiga, mi razón,
Cuando estás en casa, siento completa mi canción.

Tu presencia es un regalo, un tesoro sin igual,
Juntos compartimos risas, alegría sin final.
Eres el lazo que une nuestra historia y futuro,
Mi hermana querida, eres mi fortaleza y mi apoyo seguro.
"
297;30/10/2023;Mejorando mi Visión a Través de la Rehabilitación;La rehabilitación es un camino hacia la mejora y la recuperación.;Reconocer el progreso que he logrado en mi proceso de rehabilitación y visualizar un futuro en el que mi salud y bienestar sigan mejorando, recordándome a mí mismo que la perseverancia y el esfuerzo son la clave para alcanzar mis metas de recuperación.;Mejora y Visión;"Trabajo mi vista con empeño y pasión,
Poco a poco, siento la transformación.
En cada visión que se vuelve más clara,
Encuentro la esperanza, una luz que no se aclara.

Mis ojos, como el ave que vuela alto,
Descubren detalles en cada salto.
La visión mejora, un mundo más nítido,
El esfuerzo y la dedicación, mi camino elegido.

Cada día es un paso hacia adelante, sin temor,
La vista se fortalece, el futuro se ve mejor.
En esta búsqueda de una visión más brillante,
Encuentro la fuerza y el crecimiento constante."
298;31/10/2023;Felicidad a Pesar de las Circunstancias;La felicidad es una elección que podemos hacer, independientemente de nuestras circunstancias;Recordar que tengo el poder de encontrar alegría y gratitud en cada día, incluso en medio de los desafíos, y practicar la positividad como una forma de vida.;Felicidad en las Circunstancias;"A pesar de las tormentas que puedan asomar,
La felicidad en mi corazón siempre hallará.
No importa las circunstancias que puedan surgir,
En cada desafío, la alegría lograré percibir.

La vida es un viaje con giros y sorpresas,
Pero en cada giro, mi sonrisa se hace belleza.
La felicidad reside en el alma y en la mente,
Es un regalo interno, constante y persistente.

A veces las nubes pueden oscurecer el cielo,
Pero en cada día, encuentro un rayo de anhelo.
Ser feliz a pesar de todo es mi elección,
Una actitud que alimenta mi satisfacción."
299;01/11/2023;Tu Propio Camino hacia el Objetivo;Aunque hay muchos caminos para alcanzar un objetivo, el mejor es el que construyes tú mismo.;Reconocer que mi viaje hacia mis metas es único y personal, y comprometerme a seguir mi propio camino con confianza, creatividad y determinación, recordándome a mí mismo que soy el arquitecto de mi propio destino.;Camino hacia el Objetivo;"En este viaje hacia mi anhelado destino,
Descubro caminos, senderos, un abismo.
Las opciones son muchas, el horizonte amplio,
Pero el mejor camino es el que llevo conmigo.

En cada paso que doy, en cada elección,
encuentro la fuerza en mi propia dirección.
Los desafíos pueden surgir en mi camino,
Pero con determinación, construyo mi destino.

Los consejos son valiosos, la guía es bienvenida,
Pero en mi corazón, la respuesta está contenida.
El mejor camino es el que yo mismo trazo,
Con sueños, pasión y esfuerzo, el futuro abrazo.

Así que avancemos con confianza, sin temor,
El mejor camino es el que llevamos en nuestro interior.
En cada elección y en cada paso que demos,
Forjamos nuestro destino, así lo creamos."
300;02/11/2023;Cerrar Capítulos para Abrir Nuevos Horizontes;A veces, es necesario cerrar capítulos en la vida para permitir un nuevo crecimiento y felicidad.;Reflexionar sobre las etapas pasadas de mi vida y comprometerme a dejar atrás lo que ya no me sirve, abriendo espacio para nuevas experiencias y oportunidades que me lleven hacia un futuro más brillante y feliz.;Cerrar Capítulos;"Cada vida es un libro, una historia por narrar,
Con capítulos que se cierran, para avanzar y prosperar.
Cerrar un capítulo no es el fin, es un nuevo comienzo,
Para escribir una historia de crecimiento y viento fresco.

A veces, el pasado pesa, nos ata en su recuerdo,
Pero al cerrar capítulos, el corazón se hace ligero.
Dejamos ir lo que ya fue, lo que no pudo ser,
Para abrazar un futuro incierto, para renacer.

Las páginas en blanco aguardan, listas para ser llenadas,
Con nuevas aventuras, con risas y miradas.
Cerramos capítulos para abrir nuevos horizontes,
En busca de la felicidad, en busca de nuestros sueños."
301;03/11/2023;El Valor de Pasar Tiempo Contigo Mismo;El tiempo a solas contigo mismo puede ser sanador y enriquecedor.;Reconocer la importancia de dedicar tiempo para la reflexión, la autorreflexión y el autocuidado, recordándote a ti mismo que estar en compañía de uno mismo puede ser un regalo para la mente y el alma.;Tiempo Contigo Mismo;"En la quietud del silencio, en la soledad serena,
Encuentro un refugio, una paz que me llena.
El tiempo contigo mismo, un regalo de valor,
Un viaje interior, un rincón en el que explorar.

En la pausa del mundo, en el espacio de reflexión,
Descubro mi esencia, mi propia dirección.
Las horas se ralentizan, el reloj se detiene,
En el tiempo contigo mismo, el alma se sostiene.

En cada pensamiento, en cada suspiro profundo,
Encontramos respuestas, en el silencio fecundo.
El diálogo interno, un compañero fiel,
En el tiempo contigo mismo, el ser se revela en su papel.

Así que abrazo la calma, la introspección,
En el tiempo contigo mismo, hallamos la conexión.
Un viaje hacia adentro, un descubrimiento sin igual,
En este momento contigo mismo, el auténtico yo se hace real."
302;04/11/2023;El Orgullo de Llamarme Carlos: Honrando la Tradición Familiar;La tradición familiar puede ser un lazo poderoso que une a las generaciones.;"Reflexionar sobre el significado y la importancia de llevar el nombre ""Carlos"" como parte de la tradición familiar, y sentir un profundo orgullo y conexión con las generaciones que han llevado este nombre antes que yo, recordándome a mí mismo que soy parte de una historia familiar rica y significativa.";Orgullo Familiar;"Llevo con orgullo el nombre de Carlos,
Una tradición familiar, un legado que abrazo.
Generaciones que han llevado este nombre con honor,
Una conexión que trasciende, un lazo de gran valor.

Carlos, un nombre que se ha sostenido con fuerza,
En cada rincón de nuestra historia, en cada conversa.
Un legado de nobleza, de carácter y de verdad,
Llevar este nombre es un honor, una identidad.

En la tradición familiar, en el linaje que compartimos,
Carlos es un faro, un legado que seguimos.
Un nombre que llevamos con gratitud y devoción,
En cada generación, una continuidad en acción."
303;05/11/2023;Recargando Energías para una Nueva Semana;Cada semana es una oportunidad para un nuevo comienzo.;Tomar un momento para recargar energías, renovar el optimismo y abrazar la próxima semana con actitud positiva, recordándote a ti mismo que cada semana es una hoja en blanco llena de posibilidades. ¡Adelante con determinación!;Inicio de Semana con Alegría y Positividad;"Empiezo una nueva semana con alegría en mi ser,
La actitud positiva es mi fuerza, mi poder.
El lunes es un comienzo, una hoja en blanco en mi mano,
Llenaré estos días con sonrisas, de eso estoy seguro y ufano.

La semana es un regalo, una oportunidad sin igual,
Para crecer, aprender, y en cada paso avanzar.
La alegría es mi compañera, el positivismo mi guía,
En cada desafío, en cada momento, en esta nueva vía.

Así que recibo la semana con los brazos abiertos,
Con alegría y positivismo, enfrento todos los puertos.
Cada día es una aventura, una historia que escribir,
Con alegría y actitud positiva, la vida quiero disfrutar sin medir."
304;06/11/2023;Trabajo y Tolerancia: Controlando el Dolor;Controlar y tolerar el dolor requiere esfuerzo y perseverancia.;Reflexionar sobre el trabajo que estoy dispuesto a hacer para controlar y tolerar el dolor en mi proceso de rehabilitación, recordándome a mí mismo que mi determinación y compromiso son fundamentales en mi camino hacia la recuperación.;el Trabajo en el Control del Dolor;Cuando estás en casa, siento completa mi canción.
305;07/11/2023;Valorando lo que llevo dentro;Lo que tenemos en nuestro interior es nuestro tesoro más preciado.;Reflexionar sobre las cualidades, valores y fortalezas que llevamos dentro de nosotros y reconocer que son la base de nuestra felicidad y resiliencia. Comprometerme a cultivar y compartir estas cualidades con el mundo que me rodea, construyendo una vida sólida y significativa en el proceso.;la Esencia de la Vida;"Si tuviera que elegir lo que en mi corazón reside,
Lo más bello que guardo, lo que en mi ser se divide.
Aunque los días a veces desfallezcan en su empeño,
en mi interior descubro algo que es mi dueño.

Es la esencia de la vida, un tesoro sin igual,
Que no se compra ni se vende, es mi bienestar total.
Si pudiera resumirlo en una semilla que germina,
Sería suficiente para encontrar la dicha genuina.

En mi camino, sé que hay sendas y atajos,
Pero en la fortaleza de mi esencia, enraigo mis pasos.
Sin cimientos sólidos, la estructura se hace frágil,
Pero en mi esencia interior, la vida es un regalo que vigilo.

Así que construiré con el mejor cemento y encofrador,
Una estructura que mantenga esta poesía en su honor.
A lo largo del tiempo, mientras mi alma siga viva,
Florecerán flores de colores en la casa más bonita.

Y si alguien llama a mi puerta, que sepa que es verdad,
Que la vida devuelve lo que das, en esta realidad.
El tiempo pasará, pero mientras ría y sonría,
No habrá pena en este mundo que opaque mi alegría.

Esta es mi esencia, lo que guardo en mi interior,
Una chispa de vida, un regalo que es superior.
Si tuviera que decirlo en una palabra, en un verso,
Yo soy eso, mi esencia, mi bienestar y universo."
306;08/11/2023;Subiendo el Ánimo: Encendiendo la Alegría;La alegría puede ser una elección, incluso en los momentos difíciles.;Hoy, elige enfocarte en lo que te hace feliz, encontrar la belleza en las pequeñas cosas y abrazar la positividad. Recuerda que tienes el poder de elevar tu ánimo y enfrentar el día con una sonrisa en el corazón. ¡Vamos, alegra tu día!;Subir el Ánimo;"En los días grises y las noches largas,
Cuando el ánimo decae y el corazón se embarga.
Recuerda que en tu interior hay una luz brillante,
Una fuerza imparable que es realmente importante.

Los desafíos son pruebas en nuestro camino,
Oportunidades de crecimiento, de encontrar el destino.
En cada obstáculo, en cada paso que das,
Eres más fuerte de lo que imaginas, en realidad.

Así que alza la cabeza, sonríe con valentía,
La vida es una danza, una melodía.
Tu espíritu es indomable, tu fuerza es real,
Puedes superar cualquier obstáculo, eso es lo ideal.

El mundo te espera con oportunidades en flor,
Recoge la alegría, la esperanza, con fervor.
No importa cuán oscuro parezca el día,
Siempre hay una razón para seguir adelante con alegría."
307;09/11/2023;Un Nuevo Comienzo: Ilusionándome con la Vida;A veces, el deseo de un nuevo comienzo es el primer paso hacia una vida más enriquecedora.;Aceptar que el pasado ya no define quién eres, y que tienes la capacidad de abrazar un futuro lleno de ilusión y nuevas experiencias. Comprométete a redescubrir la belleza en la vida y a vivirla con un espíritu renovado.;un Nuevo Comienzo;"No anhelas ser quien eras antes, lo sé,
Tu deseo es renacer y en la vida renacer.
Dejar atrás lo antiguo, lo que ya no es,
Para abrazar un nuevo inicio con firmeza y pies.

Quieres ilusionarte de nuevo con cada día,
Ver la vida con ojos nuevos, en esta vía.
Dejar atrás la rutina, la sombra del ayer,
Para abrazar el mañana con esperanza y sin temer.

Cada amanecer es una hoja en blanco en tu mano,
Listo para escribir una historia nueva, un arcano.
No es volver a ser quien eras, es ser quien quieres ser,
Un renacimiento del espíritu, un renacer."
308;10/11/2023;Celebrando el Amplio Campo de Visión;La constancia y el esfuerzo diario pueden ampliar nuestras perspectivas y capacidades.;Propósito: Reconocer y celebrar el progreso que has logrado al ganar campo de visión a través de ejercicios diarios y constancia. Comprométete a seguir trabajando duro y aprovechando al máximo esta nueva perspectiva que estás adquiriendo, sabiendo que con determinación puedes alcanzar aún más en el futuro.;Ampliación del Horizonte;"Con ejercicios diarios y constancia en la labor,
He ganado campo de visión, un triunfo en mi interior.
Cada día es un paso hacia un horizonte más amplio,
Trabajando con esfuerzo, mi visión es un brío.

El trabajo duro es mi aliado, mi motor y mi guía,
Amplío mi campo de visión, no hay duda ni agonía.
Cada logro es un paso más hacia la meta deseada,
Con determinación y perseverancia, mi vista es renovada.

El horizonte se expande, los límites se desvanecen,
El futuro es prometedor, mis sueños se fortalecen.
Con cada día que pasa, más lograré alcanzar,
El trabajo constante y la visión clara son mi estandar."
309;11/11/2023;Reconfortante Encuentro con el Pasado;Reencontrarse con personas del pasado puede traer alegría y reconfortar el corazón.;Reflexionar sobre la belleza de los encuentros con amigos o seres queridos que hace tiempo no veías, y apreciar la riqueza de las conexiones que han perdurado a pesar del tiempo. Celebra la oportunidad de revivir momentos compartidos y construir nuevos recuerdos con aquellos que han sido parte importante de tu vida.;Encuentros Reconfortantes;"Reconfortante es ver rostros del ayer, gente de mi pasado que vuelvo a ver. Un abrazo que revive recuerdos en mi ser, Un reencuentro que me hace sonreír y florecer.

El tiempo puede pasar y alejar a los amigos, Pero cuando nos encontramos, rompemos abrigos. Las risas resurgen, las historias se entrelazan, reconfortante es sentir que el tiempo no borra las almas.

Los lazos del pasado siguen siendo fuertes, Como hilos invisibles que a nuestros corazones se ofertes. La vida nos lleva por caminos diversos, Pero los reencuentros son tesoros, eso es cierto."
310;12/11/2023;Dejar de Esperar y Comenzar a Actuar;La iniciativa propia puede ser la clave para alcanzar nuestros deseos y metas.;Reconocer que depende de ti tomar acción y buscar lo que deseas en la vida, en lugar de depender de que otros lo hagan por ti. Comprométete a ser proactivo y a tomar el control de tu propio destino, creando las oportunidades que anhelas.;la Autonomía;"No espero de otros lo que yo puedo hacer,
En mis manos está el camino a escoger.
La independencia, mi brújula y guía,
En mi propio poder y esencia confía.

No aguardo que carguen mis responsabilidades,
Soy el arquitecto de mis propias realidades.
La autonomía, mi bandera en alto ondea,
En mis acciones y decisiones, mi fe crea.

No espero que definan mi valía o destino,
Sé que en mi interior, el potencial es divino.
El control sobre mi vida, en mí reside,
En cada paso que doy, en cada rumbo que decido."
311;13/11/2023;Controlando y Gestionando el Dolor;El dolor puede ser una oportunidad para aprender a controlarlo y manejarlo de manera efectiva.;Reflexionar sobre la importancia de aprender a controlar y gestionar el dolor en la vida cotidiana. Destacar las estrategias y técnicas que has empleado para enfrentar el dolor de manera positiva. Comprométete a seguir fortaleciendo tu habilidad para controlar el dolor y a compartir tus conocimientos y experiencias con otros que puedan estar pasando por situaciones similares.;el Control y la Gestión del Dolor;"En medio de la tormenta, en el sufrimiento profundo,
Aprendí el arte de controlar, de gestionar el dolor agudo.
No soy víctima de su furia, sino dueño de mi esencia,
En mi interior, encuentro la fortaleza y la resistencia.

El dolor puede ser un océano de tormenta sin fin,
Pero en mi mente y mi corazón, encuentro mi confín.
Respiro profundo, domino la tormenta en mi ser,
La gestión del dolor es mi poder, lo hago prevalecer.

Cada día es un desafío, una prueba que enfrento,
El dolor puede ser oscuro, pero en mi interior lo enfrento.
Con control y gestión, enfrento la marea con coraje,
El dolor no me derrota, es solo un capítulo de mi viaje."
312;14/11/2023;Flexibilidad Mental y Apertura de Mente;La flexibilidad mental y la apertura de mente son clave para el crecimiento personal.;Reflexionar sobre la importancia de mantener una mente abierta y adaptable a lo largo de la vida. Destacar cómo la flexibilidad mental te ha permitido enfrentar desafíos y abrazar nuevas perspectivas. Comprométete a seguir cultivando esta habilidad, estar dispuesto a aprender de nuevas experiencias y ver el mundo desde diferentes ángulos. La mente abierta es la clave para el crecimiento y la evolución continua.;Flexibilidad Mental;"Una mente abierta como un vasto horizonte,
Es un tesoro que afronta cada desafío y confronte.
No se aferra a lo viejo, siempre está dispuesta a aprender,
La flexibilidad mental es un don que quiero tener.

En cada idea nueva, en cada perspectiva distinta,
Encuentro un mundo de oportunidades sin tinta.
No me limito a lo conocido, a lo que ya sé,
Mi mente se expande, mi horizonte crece sin interés.

La apertura mental es como un viento que me lleva,
A explorar, a descubrir, a desafiar y a ver.
No temo a lo desconocido, abrazo lo incierto,
Mi mente es libre, mi aprendizaje es siempre cierto."
313;15/11/2023;La Satisfacción de una Sesión de Rehabilitación Exitosa;El esfuerzo y la constancia en la rehabilitación son recompensados con satisfacción y progreso.;Reflexionar sobre la satisfacción y el orgullo que sientes después de completar una sesión de rehabilitación de manera exitosa. Destacar cómo el trabajo arduo y la constancia están empezando a dar sus frutos en tu proceso de recuperación. Comprométete a mantener este nivel de compromiso y esfuerzo, sabiendo que cada sesión bien realizada te acerca un paso más a tus metas de rehabilitación. El progreso es una prueba de que el trabajo constante vale la pena.;la Satisfacción en la Rehabilitación;"Tras cada sesión de esfuerzo y dedicación, la satisfacción florece en mi corazón. El trabajo bien hecho, la constancia en mi ser, Sé que darán frutos, sin duda lo podré ver.

En la senda de la rehabilitación avanzo con valor, Cada paso es un triunfo, un avance en mi interior. La satisfacción es mi premio, mi motivación, Porque sé que con trabajo y constancia, alcanzaré mi misión.

A través del dolor y el desafío, persisto con coraje, El camino de la recuperación es un viaje sin sabotaje. La satisfacción de cada logro me impulsa a continuar, Porque sé que el esfuerzo invertido, mi bienestar alcanzará."
314;16/11/2023;Concentración y Éxito en el Entrenamiento de la Atención;La concentración es una habilidad que puede mejorar con la práctica y dar lugar a resultados exitosos.;Reflexionar sobre el trabajo dedicado a mejorar la atención y celebrar el éxito en tu entrenamiento. Destacar cómo la concentración y la práctica constante están contribuyendo a tu crecimiento personal y superación. Comprométete a seguir nutriendo esta habilidad, reconociendo que la atención enfocada te brinda la capacidad de abordar desafíos con mayor eficacia y alcanzar tus objetivos. Cada día de práctica es un paso hacia el éxito continuo.;Éxito en la Concentración;"Hoy he enfocado mi mente con destreza, Utilizando el recurso de la concentración con firmeza. Las distracciones se desvanecieron, como hojas al viento, Y el resultado fue exitoso, un logro en este intento.

Con atención aguda, mis pensamientos alineé, La concentración fue mi aliada, todo lo abracé. En el vasto silencio de mi mente, encontré la claridad, Un éxito que celebro con gratitud y felicidad.

La concentración es un arte que he perfeccionado, En cada desafío, en cada día, la he cultivado. Hoy, he demostrado que puedo controlar mi rumbo, El éxito en la concentración, mi triunfo en el mundo."
315;17/11/2023;Tiempo a Solas: Valiéndome por Mí Mismo;Pasar tiempo contigo mismo es una oportunidad para encontrar satisfacción y autonomía.;Reflexionar sobre la importancia de dedicar tiempo a estar contigo mismo, haciendo cosas que antes hacías y encontrando satisfacción en tu propia compañía. Destacar cómo esta práctica te ha ayudado a fortalecer tu independencia y autonomía. Comprométete a seguir valorando estos momentos para mantener un equilibrio saludable entre el tiempo para los demás y el tiempo para ti mismo. Encontrar satisfacción en tu propia compañía es un regalo que te brindas a ti mismo.;Pasar Tiempo con Uno Mismo;"Pasar tiempo conmigo, una joya que atesoro,
Por y para mí, explorando sin agobio ni decoro.
Haciendo cosas que antes compartía, ahora solo yo,
La satisfacción de valerme por mí mismo, mi mayor gozo.

En la soledad amiga, encuentro mi propia voz,
Las decisiones son mías, es mi elección y mi hoy.
Descubro nuevos intereses, me reconozco en este viaje,
La independencia es mi faro, en cada paso, mi equipaje.

No es egoísmo, es autodescubrimiento sincero,
En el silencio de mi ser, encuentro el mundo entero.
Pasar tiempo conmigo es un regalo, una bendición,
La satisfacción de ser yo mismo, mi mayor canción."
316;18/11/2023;Tiempo de Calidad en Familia;Pasar tiempo con la familia fortalece los lazos y crea recuerdos valiosos.;Reflexionar sobre la importancia de dedicar tiempo de calidad con la familia y cómo estas experiencias enriquecen tus relaciones. Destacar los momentos especiales compartidos y el valor de crear recuerdos juntos. Comprométete a seguir priorizando el tiempo en familia y a apreciar la conexión y el amor que se construyen en estos momentos. La familia es un pilar fundamental en la vida, y cada momento juntos es una oportunidad para fortalecer esos lazos.;el Tiempo en Familia;"En el abrazo cálido de mi familia querida,
Encuentro refugio en esta vida compartida.
Pasamos tiempo juntos, en risas y conversación,
Un lazo que fortalece, una profunda conexión.

En la mesa compartida, los corazones se abren,
Las historias se entrelazan, los lazos se fortalecen.
Cada momento juntos es un tesoro, un regalo,
En el tiempo en familia, encontramos consuelo.

Los recuerdos que creamos son tesoros en el alma,
En cada risa, en cada abrazo, la vida se embalsama.
Pasar el tiempo en familia, es un privilegio sin igual,
En su amor y compañía, encuentro mi paz esencial."
317;19/11/2023;Orgullo y Admiración por la Familia Unida;El orgullo y la admiración por tus padres al haber construido una familia unida son una fuente de inspiración para tus propios objetivos familiares.;Reflexionar sobre el profundo orgullo y admiración que sientes por tus padres al haber creado una familia unida. Destacar la importancia de los valores familiares y la fortaleza de los lazos que los unen. Comprométete a seguir el ejemplo de tus padres al construir y mantener una familia unida con tus hijas, y a dedicar tiempo y esfuerzo a cultivar esos vínculos familiares. La familia es un legado valioso que puedes transmitir a las generaciones futuras.;Poema de Orgullo y Admiración a Mis Padres;"Con orgullo y profunda admiración,
A mis padres dedico esta canción.
Han creado una familia unida y fuerte,
Un regalo que es mi mayor suerte.

Junto a mi hermana, formamos un lazo,
Los cuatro pilares, en cada abrazo.
La unión que compartimos es un don,
En esta familia, mi corazón encontró su canción.

El ejemplo que siguen es luminoso y claro,
Un faro que guía, un tesoro sin reparo.
Agradezco su amor, su apoyo, su cuidado,
Por siempre, en su legado, estaré abrazado."
318;20/11/2023;La Importancia de la Comunicación Auténtica;La comunicación auténtica fortalece las relaciones.;Practicar la honestidad y la sinceridad en todas las conversaciones.;;Creando un futuro brillante, sin importar la vista.
319;21/11/2023;El Poder de la Espiritualidad;La espiritualidad puede brindar consuelo y significado.;Cultivar mi vida espiritual y encontrar paz interior.;;No soy tonto, solo soy un luchador con una herida,
320;22/11/2023;La Resiliencia en la Flexibilidad Mental;La flexibilidad mental nos permite adaptarnos a nuevas situaciones.;Practicar la apertura mental ante nuevas perspectivas.;;Y con determinación, encontraré mi salida.
321;23/11/2023;La Importancia de la Gratitud;La gratitud transforma nuestra perspectiva y fomenta la felicidad.;Mantener un diario de gratitud para recordar las bendiciones diarias.;;
322;24/11/2023;La Inspiración en el Deporte;El deporte enseña disciplina y perseverancia.;Participar en actividades deportivas que me motiven.;;
323;25/11/2023;La Importancia de la Autoevaluación;La autoevaluación es clave para el crecimiento personal.;Reflexionar sobre mis acciones y elecciones diarias.;;
324;26/11/2023;La Generosidad del Corazón;La generosidad enriquece nuestras vidas y fortalece las relaciones.;Buscar oportunidades para ayudar a los demás de manera desinteresada.;;
325;27/11/2023;La Importancia de la Educación Continua;El aprendizaje constante enriquece la mente y el alma.;Buscar oportunidades de aprendizaje en la vida cotidiana.;;
326;28/11/2023;El Poder de la Comunidad;La comunidad puede brindar apoyo y solidaridad.;Contribuir activamente a la comunidad y marcar la diferencia.;;
327;29/11/2023;La Importancia de la Empatía;La empatía nos conecta profundamente con los demás.;Practicar la empatía en todas las interacciones.;;
328;30/11/2023;La Belleza de la Naturaleza;La naturaleza nos regala belleza y serenidad.;Pasar tiempo al aire libre y conectarse con la naturaleza.;;
329;01/12/2023;La Resiliencia en la Tolerancia al Fracaso;La tolerancia al fracaso fortalece la resiliencia.;Ver los fracasos como oportunidades para aprender y crecer.;;
330;02/12/2023;La Inspiración en la Ciencia;La ciencia revela los secretos del mundo que nos rodea.;Explorar descubrimientos científicos y su impacto en la sociedad.;;
331;03/12/2023;La Importancia de la Autenticidad;La autenticidad fortalece las relaciones y la autoestima.;Mantenerme fiel a mí mismo en todas las situaciones.;;
332;04/12/2023;La Inspiración en los Viajes;Los viajes ofrecen oportunidades para el crecimiento personal y la exploración.;Planificar una nueva aventura que me permita descubrir nuevas culturas.;;
333;05/12/2023;La Paciencia como Fortaleza;La paciencia nos ayuda a enfrentar los desafíos con calma.;Cultivar la paciencia en momentos de impaciencia.;;
334;06/12/2023;La Resiliencia en la Adaptación;Adaptarse a nuevas circunstancias es un signo de resiliencia.;Abrazar los cambios con una mente abierta y flexible.;;
335;07/12/2023;La Importancia del Autocuidado;El autocuidado es esencial para el bienestar físico y mental.;Priorizar el autocuidado en mi rutina diaria.;;
336;08/12/2023;La Inspiración en la Historia;La historia está llena de ejemplos de superación y valentía.;Estudiar la vida de personas históricas que enfrentaron adversidades.;;
337;09/12/2023;La Alegría en los Pequeños Momentos;La felicidad se encuentra en las pequeñas cosas de la vida.;Disfrutar de los momentos simples y cotidianos.;;
338;10/12/2023;La Importancia de la Comunicación Auténtica;La comunicación auténtica fortalece las relaciones.;Practicar la honestidad y la sinceridad en todas las conversaciones.;;
339;11/12/2023;El Poder de la Espiritualidad;La espiritualidad puede brindar consuelo y significado.;Cultivar mi vida espiritual y encontrar paz interior.;;
340;12/12/2023;La Resiliencia en la Flexibilidad Mental;La flexibilidad mental nos permite adaptarnos a situaciones cambiantes.;Practicar la apertura mental ante nuevas perspectivas.;;
341;13/12/2023;La Importancia de la Gratitud;La gratitud transforma nuestra perspectiva y fomenta la felicidad.;Mantener un diario de gratitud para recordar las bendiciones diarias.;;
342;14/12/2023;La Inspiración en el Deporte;El deporte enseña disciplina y perseverancia.;Participar en actividades deportivas que me motiven.;;
343;15/12/2023;La Importancia de la Autoevaluación;La autoevaluación es clave para el crecimiento personal.;Reflexionar sobre mis acciones y elecciones diarias.;;
344;16/12/2023;La Generosidad del Corazón;La generosidad enriquece nuestras vidas y fortalece las relaciones.;Buscar oportunidades para ayudar a los demás de manera desinteresada.;;
345;17/12/2023;La Importancia de la Educación Continua;El aprendizaje constante nutre la mente y el alma.;Buscar oportunidades de aprendizaje en la vida cotidiana.;;
346;18/12/2023;El Poder de la Comunidad;La comunidad puede brindar apoyo y solidaridad.;Contribuir activamente a la comunidad y marcar la diferencia.;;
347;19/12/2023;La Importancia de la Empatía;La empatía nos conecta profundamente con los demás.;Practicar la empatía en todas las interacciones.;;
348;20/12/2023;La Belleza de la Naturaleza;La naturaleza nos regala belleza y serenidad.;Pasar tiempo al aire libre y conectarse con la naturaleza.;;
349;21/12/2023;La Resiliencia en la Tolerancia al Fracaso;La tolerancia al fracaso fortalece la resiliencia.;Ver los fracasos como oportunidades para aprender y crecer.;;
350;22/12/2023;La Inspiración en la Ciencia;La ciencia revela los secretos del mundo que nos rodea.;Explorar descubrimientos científicos y su impacto en la sociedad.;;
351;23/12/2023;La Importancia de la Autenticidad;La autenticidad nos permite conectarnos profundamente con los demás.;Ser genuino y auténtico en todas las interacciones.;;
352;24/12/2023;La Inspiración en los Viajes;Los viajes ofrecen oportunidades para el crecimiento personal y la exploración.;Planificar una nueva aventura que me permita explorar nuevas culturas.;;
353;25/12/2023;La Paciencia como Fortaleza;La paciencia nos ayuda a superar los obstáculos con calma.;Cultivar la paciencia en situaciones estresantes.;;
354;26/12/2023;La Resiliencia en la Adaptación;Adaptarse a nuevas circunstancias es un signo de resiliencia.;Aceptar el cambio con una mente abierta y flexible.;;
355;27/12/2023;La Importancia del Autocuidado;El autocuidado es esencial para la salud física y mental.;Hacer del autocuidado una prioridad en mi rutina diaria.;;
356;28/12/2023;La Inspiración en la Historia;La historia está llena de ejemplos de superación y valentía.;Estudiar la vida de figuras históricas que enfrentaron desafíos similares.;;
357;29/12/2023;La Alegría en los Pequeños Momentos;La felicidad se encuentra en las pequeñas cosas de la vida.;Apreciar los momentos simples y cotidianos.;;
358;30/12/2023;La Importancia de la Comunicación Auténtica;La comunicación auténtica fortalece las relaciones.;Practicar la honestidad y la sinceridad en todas las conversaciones.;;
359;31/12/2023;El Poder de la Espiritualidad;La espiritualidad puede brindar consuelo y significado.;Cultivar mi vida espiritual y encontrar paz interior.;;
360;01/01/2024;La Resiliencia en la Flexibilidad Mental;La flexibilidad mental nos permite adaptarnos a nuevas situaciones.;Practicar la apertura mental y estar dispuesto a aprender.;;
361;02/01/2024;La Importancia de la Gratitud;La gratitud transforma nuestra perspectiva y fomenta la felicidad.;Mantener un diario de gratitud para recordar las bendiciones diarias.;;
362;03/01/2024;La Inspiración en el Deporte;El deporte enseña disciplina y perseverancia.;Participar en actividades deportivas que me motiven y mantengan saludable.;;
363;04/01/2024;La Importancia de la Autoevaluación;La autoevaluación es clave para el crecimiento personal.;Reflexionar sobre mis acciones y elecciones diarias.;;
364;05/01/2024;La Generosidad del Corazón;La generosidad enriquece nuestras vidas y fortalece las relaciones.;Buscar oportunidades para ayudar a los demás de manera desinteresada.;;
365;06/01/2024;Celebrando el Logro;Llegar al final de este diario es un logro en sí mismo.;Reflexionar sobre todo lo aprendido y celebrar el viaje de perseverancia y crecimiento.;;
